,0
2015-04-01,0.0
2015-04-02,0.0
2015-04-06,0.0
2015-04-07,0.0
2015-04-08,0.0
2015-04-09,0.0
2015-04-10,0.0
2015-04-13,0.0
2015-04-14,0.0
2015-04-15,0.0
2015-04-16,0.004729703604147051
2015-04-17,-0.000375
2015-04-20,0.0
2015-04-21,0.0
2015-04-22,0.0028591445256943996
2015-04-23,-0.000375
2015-04-24,-0.010731783409099903
2015-04-27,-0.00075
2015-04-28,0.0
2015-04-29,0.0
2015-04-30,-0.00542290822814323
2015-05-01,-0.000375
2015-05-04,0.008745016364421414
2015-05-05,0.015786010695613605
2015-05-06,-0.004299491154861283
2015-05-07,-0.0147033783584148
2015-05-08,-0.000375
2015-05-11,0.0
2015-05-12,0.0
2015-05-13,0.0
2015-05-14,-0.006958289305741292
2015-05-15,-0.000375
2015-05-18,0.0
2015-05-19,0.0
2015-05-20,0.0
2015-05-21,-0.0018629117054667485
2015-05-22,-0.000375
2015-05-26,0.0
2015-05-27,0.0
2015-05-28,0.0
2015-05-29,0.0
2015-06-01,0.0
2015-06-02,0.0
2015-06-03,0.002529144969268355
2015-06-04,-0.008272698818352894
2015-06-05,-0.000375
2015-06-08,0.0
2015-06-09,0.011272788505604134
2015-06-10,0.006163287876746859
2015-06-11,-0.00075
2015-06-12,0.0
2015-06-15,0.0
2015-06-16,0.0
2015-06-17,0.0
2015-06-18,0.0
2015-06-19,-0.00550570829472361
2015-06-22,-0.000375
2015-06-23,0.0
2015-06-24,0.0
2015-06-25,0.0
2015-06-26,0.0
2015-06-29,0.0
2015-06-30,0.0
2015-07-01,0.0
2015-07-02,0.0
2015-07-06,0.0
2015-07-07,-0.004628011033118695
2015-07-08,0.013909248120788583
2015-07-09,-0.000375
2015-07-10,0.0
2015-07-13,-0.010977650055770866
2015-07-14,-0.0033321885315165663
2015-07-15,-0.00376510985175342
2015-07-16,-0.00542629990792204
2015-07-17,-0.005256691360292828
2015-07-20,0.009547643470303737
2015-07-21,-0.00631067255708074
2015-07-22,-0.000375
2015-07-23,0.0
2015-07-24,0.02204396634453879
2015-07-27,-0.007200156060061875
2015-07-28,0.009530496466591647
2015-07-29,-0.000375
2015-07-30,0.0
2015-07-31,0.0
2015-08-03,0.0
2015-08-04,0.0
2015-08-05,0.0
2015-08-06,0.0
2015-08-07,0.0
2015-08-10,0.0
2015-08-11,0.0
2015-08-12,0.0
2015-08-13,0.0
2015-08-14,0.0
2015-08-17,0.0
2015-08-18,-0.006982307833240712
2015-08-19,-0.002964791400513052
2015-08-20,-0.000375
2015-08-21,0.0
2015-08-24,0.02532417943988372
2015-08-25,0.007127536339063161
2015-08-26,0.01881425427434269
2015-08-27,-0.003101633743396762
2015-08-28,-0.0032028620572836126
2015-08-31,0.006881604383310911
2015-09-01,0.007092975643216957
2015-09-02,0.010267928850150026
2015-09-03,-0.003665497729301601
2015-09-04,0.002303876876161059
2015-09-08,-0.000375
2015-09-09,0.0
2015-09-10,0.0
2015-09-11,0.0
2015-09-14,0.0
2015-09-15,-0.007740450728041566
2015-09-16,-0.00421460351405056
2015-09-17,0.003525937846033414
2015-09-18,-0.000375
2015-09-21,0.0
2015-09-22,0.011251885861025884
2015-09-23,-0.003659712622994085
2015-09-24,0.0025143518034089632
2015-09-25,-0.00075
2015-09-28,0.0
2015-09-29,0.0
2015-09-30,0.0
2015-10-01,0.0
2015-10-02,0.0
2015-10-05,0.0
2015-10-06,0.01994281161397511
2015-10-07,-0.0006883824571775207
2015-10-08,-0.0017590337838554286
2015-10-09,0.0010549063311355066
2015-10-12,0.013450260320715246
2015-10-13,-0.000375
2015-10-14,-0.009138222232539723
2015-10-15,0.0012320225402389748
2015-10-16,-0.00577561665243467
2015-10-19,-0.000375
2015-10-20,0.0
2015-10-21,0.0
2015-10-22,0.0
2015-10-23,-0.01711823338091082
2015-10-26,0.002356303625437576
2015-10-27,0.007655575371346827
2015-10-28,0.01752475564840634
2015-10-29,-0.000375
2015-10-30,0.0
2015-11-02,0.0
2015-11-03,0.0
2015-11-04,0.0
2015-11-05,0.0
2015-11-06,0.0
2015-11-09,0.0
2015-11-10,0.0
2015-11-11,0.0
2015-11-12,0.0
2015-11-13,0.0
2015-11-16,0.0
2015-11-17,0.0
2015-11-18,0.0
2015-11-19,0.0
2015-11-20,0.0
2015-11-23,0.0
2015-11-24,0.0
2015-11-25,0.000582106854082157
2015-11-27,-0.0033764965625938713
2015-11-30,-0.004890280881056315
2015-12-01,0.011831510546950821
2015-12-02,0.0008261777819502569
2015-12-03,-0.00075
2015-12-04,0.0
2015-12-07,0.0
2015-12-08,-0.03239282660278819
2015-12-09,0.0017117887449773978
2015-12-10,-0.009995889800333882
2015-12-11,0.021268018673166682
2015-12-14,-0.005955434421189589
2015-12-15,-0.009947902531785163
2015-12-16,-0.009393142888900358
2015-12-17,-0.000375
2015-12-18,0.0
2015-12-21,0.0
2015-12-22,0.0
2015-12-23,0.0
2015-12-24,0.0
2015-12-28,0.0
2015-12-29,0.0
2015-12-30,0.0
2015-12-31,0.0
2016-01-04,0.0
2016-01-05,0.0
2016-01-06,0.005023314170739891
2016-01-07,-0.002564978697029409
2016-01-08,0.011802903066707563
2016-01-11,-0.005150869249575092
2016-01-12,-0.009427385870437493
2016-01-13,-0.005064254489348364
2016-01-14,-0.008365862861082644
2016-01-15,0.0001454787361943246
2016-01-19,0.005411159754277687
2016-01-20,-0.008717919031825396
2016-01-21,-0.024631938613534327
2016-01-22,0.012103660106632826
2016-01-25,0.006904948194074308
2016-01-26,-0.009184073478704716
2016-01-27,-0.005055863061394954
2016-01-28,0.01705557044156001
2016-01-29,-0.02299375574501565
2016-02-01,-0.005970853687967711
2016-02-02,0.025291298318315482
2016-02-03,-0.000375
2016-02-04,0.0
2016-02-05,0.0
2016-02-08,0.0
2016-02-09,0.0
2016-02-10,0.0
2016-02-11,0.0
2016-02-12,0.0
2016-02-16,0.0
2016-02-17,0.0
2016-02-18,0.0
2016-02-19,0.0
2016-02-22,0.0
2016-02-23,0.0
2016-02-24,0.0
2016-02-25,0.0
2016-02-26,0.0
2016-02-29,0.0
2016-03-01,0.0
2016-03-02,0.0
2016-03-03,0.0
2016-03-04,0.0
2016-03-07,0.0
2016-03-08,0.01603185673442214
2016-03-09,-0.010063829733553072
2016-03-10,-0.00013465536756211843
2016-03-11,-0.000375
2016-03-14,0.0
2016-03-15,0.0
2016-03-16,0.0
2016-03-17,0.0
2016-03-18,0.0
2016-03-21,0.0
2016-03-22,0.0
2016-03-23,0.0
2016-03-24,0.0
2016-03-28,0.0
2016-03-29,0.0
2016-03-30,0.0
2016-03-31,-0.0007092322603179734
2016-04-01,0.026940804437717084
2016-04-04,-0.0010310286948092611
2016-04-05,-0.002950253999043609
2016-04-06,-0.002664093312925224
2016-04-07,-0.013990473191916004
2016-04-08,-0.00028102828575286354
2016-04-11,0.0006707175807280948
2016-04-12,0.004110995752032191
2016-04-13,-0.000375
2016-04-14,0.0
2016-04-15,0.00279264854033953
2016-04-18,-0.01085134341548462
2016-04-19,0.0034254634014078775
2016-04-20,-0.000375
2016-04-21,0.0
2016-04-22,0.0005610030754357218
2016-04-25,-0.011761156722516201
2016-04-26,-0.0009123708431369963
2016-04-27,0.00044568591594300035
2016-04-28,-0.011159050888121675
2016-04-29,-0.011092789874988537
2016-05-02,0.0007092458244827595
2016-05-03,-0.0008512391443392412
2016-05-04,-0.009390418433137338
2016-05-05,0.00028950623675319276
2016-05-06,-0.000375
2016-05-09,0.0
2016-05-10,0.0
2016-05-11,0.0
2016-05-12,0.0
2016-05-13,0.0
2016-05-16,0.0
2016-05-17,-0.00010214244927418692
2016-05-18,-0.001092272615213073
2016-05-19,-0.000375
2016-05-20,0.0
2016-05-23,0.0
2016-05-24,0.0
2016-05-25,0.0
2016-05-26,0.0
2016-05-27,0.0
2016-05-31,0.0
2016-06-01,0.0
2016-06-02,0.0
2016-06-03,-0.0030005878785816604
2016-06-06,-0.008017129177834295
2016-06-07,-0.006701486303275267
2016-06-08,0.0024421577197147834
2016-06-09,0.0043530901738205695
2016-06-10,0.005046832036058358
2016-06-13,-0.00075
2016-06-14,0.0
2016-06-15,0.002915487775969497
2016-06-16,-0.000375
2016-06-17,0.003173061520817886
2016-06-20,-0.003885636797228521
2016-06-21,-0.006208075793301816
2016-06-22,-0.001458813626182472
2016-06-23,0.0023950947411941624
2016-06-24,0.035184839234952615
2016-06-27,0.008131227333045839
2016-06-28,0.0057619358308507685
2016-06-29,0.003372320068734163
2016-06-30,0.0029754346843168405
2016-07-01,0.007078199318084259
2016-07-05,-0.0062822360829460945
2016-07-06,-0.010500983704338801
2016-07-07,0.018183798332975655
2016-07-08,-0.000375
2016-07-11,0.0
2016-07-12,0.0
2016-07-13,0.0
2016-07-14,0.0
2016-07-15,0.0
2016-07-18,0.0
2016-07-19,0.0
2016-07-20,0.0
2016-07-21,0.0
2016-07-22,0.006066940350498561
2016-07-25,-0.013582398049180001
2016-07-26,0.016858381886161365
2016-07-27,-0.01481799392205665
2016-07-28,-0.0043098311330859555
2016-07-29,-0.00075
2016-08-01,0.0
2016-08-02,0.0
2016-08-03,-0.004275479452821397
2016-08-04,-0.007844076930841729
2016-08-05,-0.027370625244781895
2016-08-08,-0.00082561246617421
2016-08-09,0.007061387185010128
2016-08-10,0.007268667343294669
2016-08-11,-0.000375
2016-08-12,0.0
2016-08-15,0.0
2016-08-16,0.0
2016-08-17,0.0
2016-08-18,0.0
2016-08-19,0.0
2016-08-22,0.0
2016-08-23,0.0
2016-08-24,0.0
2016-08-25,0.0
2016-08-26,0.0
2016-08-29,0.0
2016-08-30,0.0
2016-08-31,-0.002313029440526492
2016-09-01,-0.0017020846514853158
2016-09-02,-0.000375
2016-09-06,0.0
2016-09-07,0.0
2016-09-08,0.0
2016-09-09,0.0
2016-09-12,0.00633274043626475
2016-09-13,-0.000375
2016-09-14,-0.012832730534662959
2016-09-15,-0.008885129673600719
2016-09-16,-0.00075
2016-09-19,0.0
2016-09-20,-0.0011729605360378727
2016-09-21,-0.005549783579206959
2016-09-22,-0.0008281970138690719
2016-09-23,0.0016735158252611086
2016-09-26,-0.000375
2016-09-27,0.0
2016-09-28,0.005760244559504685
2016-09-29,-0.0010496589222272947
2016-09-30,-0.000375
2016-10-03,0.0
2016-10-04,0.0
2016-10-05,0.0
2016-10-06,0.0
2016-10-07,0.0
2016-10-10,0.0
2016-10-11,0.0
2016-10-12,0.0
2016-10-13,0.023905374729992105
2016-10-14,0.0018656882993833123
2016-10-17,0.0005314535408108044
2016-10-18,-0.000375
2016-10-19,0.0
2016-10-20,9.822894511783968e-05
2016-10-21,0.006148989600335909
2016-10-24,0.005231837441317359
2016-10-25,-0.009412359014186175
2016-10-26,-0.008848563205361266
2016-10-27,0.0037800017144951287
2016-10-28,0.0038687873810364986
2016-10-31,0.0030554501415080335
2016-11-01,-0.005499506235296445
2016-11-02,-0.0033007739029013447
2016-11-03,-0.000375
2016-11-04,0.003913220977171626
2016-11-07,0.01617434990093416
2016-11-08,-0.000375
2016-11-09,0.0
2016-11-10,0.0
2016-11-11,0.0
2016-11-14,0.0
2016-11-15,-0.009512997139841146
2016-11-16,0.001049268381138349
2016-11-17,-0.00075
2016-11-18,0.0
2016-11-21,0.0
2016-11-22,0.0
2016-11-23,-0.003208753428531285
2016-11-25,0.0031702812596066266
2016-11-28,-0.011417193516742412
2016-11-29,0.002421321407409021
2016-11-30,-0.000375
2016-12-01,0.0
2016-12-02,0.0
2016-12-05,0.0
2016-12-06,0.0
2016-12-07,0.0
2016-12-08,0.0017604138850945933
2016-12-09,0.016430390319857584
2016-12-12,-0.000375
2016-12-13,0.0
2016-12-14,0.005023055822380995
2016-12-15,0.012742966364533042
2016-12-16,-0.006566084166708654
2016-12-19,-0.000375
2016-12-20,0.0
2016-12-21,0.0
2016-12-22,0.0
2016-12-23,0.0
2016-12-27,0.0
2016-12-28,0.0
2016-12-29,0.0
2016-12-30,0.0
2017-01-03,0.0
2017-01-04,0.0
2017-01-05,0.009283823606244825
2017-01-06,-0.000375
2017-01-09,0.0
2017-01-10,0.0
2017-01-11,-0.010063119438446946
2017-01-12,0.0028868112133064974
2017-01-13,-0.007402761151097326
2017-01-17,-0.004897694666359764
2017-01-18,0.0022010067047822934
2017-01-19,-0.0018194652483337539
2017-01-20,0.004527575327568797
2017-01-23,-0.001433682362288944
2017-01-24,-0.0071005913523679645
2017-01-25,-0.0038764431843181495
2017-01-26,0.04241851314305768
2017-01-27,-0.010685410605099081
2017-01-30,-0.004723720264537317
2017-01-31,-0.0008129443292976538
2017-02-01,-0.000375
2017-02-02,0.0
2017-02-03,0.0
2017-02-06,0.0
2017-02-07,0.0
2017-02-08,0.002492313535434745
2017-02-09,0.008847385981795517
2017-02-10,-0.002610288096580022
2017-02-13,-0.000375
2017-02-14,0.0
2017-02-15,0.0
2017-02-16,0.0
2017-02-17,0.0
2017-02-21,0.0
2017-02-22,0.0
2017-02-23,0.0
2017-02-24,0.0
2017-02-27,0.0
2017-02-28,0.0
2017-03-01,0.0
2017-03-02,0.0
2017-03-03,0.0
2017-03-06,-0.013307720804406394
2017-03-07,-0.000375
2017-03-08,-6.029782883192861e-05
2017-03-09,-0.000375
2017-03-10,0.0
2017-03-13,-0.017888556021243267
2017-03-14,-0.024198236580076853
2017-03-15,0.012025483908416575
2017-03-16,-0.004494251355915107
2017-03-17,-0.000375
2017-03-20,0.0
2017-03-21,0.0
2017-03-22,0.0
2017-03-23,0.0
2017-03-24,-0.003205055368983906
2017-03-27,0.005510197110590857
2017-03-28,0.002367047728643157
2017-03-29,-0.0050915687434696655
2017-03-30,0.002175496661719537
2017-03-31,-0.000375
2017-04-03,0.0
2017-04-04,0.0
2017-04-05,-0.0018355527925442002
2017-04-06,-0.000375
2017-04-07,0.0
2017-04-10,-0.000674860049341104
2017-04-11,-0.007232102642437146
2017-04-12,-0.007824064997670067
2017-04-13,0.006753751036840347
2017-04-17,0.008809400650350782
2017-04-18,-0.022180337446733176
2017-04-19,0.005220020721383351
2017-04-20,-0.008405812574743748
2017-04-21,0.0001020756929137989
2017-04-24,-0.011297655375875244
2017-04-25,0.014304401979241061
2017-04-26,0.005836502346390307
2017-04-27,-0.018195066942623014
2017-04-28,0.005736404597322222
2017-05-01,-0.0037641067810984556
2017-05-02,-0.00075
2017-05-03,-0.005367868044741774
2017-05-04,-0.0034037052087218236
2017-05-05,-0.000375
2017-05-08,0.0
2017-05-09,0.0
2017-05-10,0.0
2017-05-11,0.0
2017-05-12,0.0
2017-05-15,0.0
2017-05-16,0.0
2017-05-17,0.0
2017-05-18,0.0
2017-05-19,0.0
2017-05-22,0.0
2017-05-23,0.0
2017-05-24,0.0
2017-05-25,0.0
2017-05-26,0.0
2017-05-30,0.0
2017-05-31,0.00033784091749834125
2017-06-01,0.007274322133772514
2017-06-02,0.013262837498255175
2017-06-05,-0.0026997591637209903
2017-06-06,-0.000375
2017-06-07,0.0
2017-06-08,-0.007090943618881561
2017-06-09,-0.000375
2017-06-12,-0.007401165935238347
2017-06-13,-0.000375
2017-06-14,0.0
2017-06-15,0.0
2017-06-16,0.0
2017-06-19,0.0
2017-06-20,0.0
2017-06-21,0.0
2017-06-22,0.0
2017-06-23,0.0
2017-06-26,0.0
2017-06-27,0.0
2017-06-28,0.0
2017-06-29,0.0
2017-06-30,0.0
2017-07-03,0.0
2017-07-05,0.0
2017-07-06,0.0
2017-07-07,0.0
2017-07-10,0.0
2017-07-11,-0.010940389715310118
2017-07-12,0.0021793726428346685
2017-07-13,0.002623979636123685
2017-07-14,0.00613344910901282
2017-07-17,3.162783789337957e-05
2017-07-18,0.00044910250024360885
2017-07-19,-0.00075
2017-07-20,-0.009724799936950398
2017-07-21,0.004399376386440631
2017-07-24,0.006569416000901992
2017-07-25,0.006045370483651543
2017-07-26,-0.004311081827834145
2017-07-27,0.009999349979905689
2017-07-28,0.001485487129513917
2017-07-31,-0.0059448049903004455
2017-08-01,-0.004595506983440529
2017-08-02,-0.00075
2017-08-03,0.0
2017-08-04,0.0
2017-08-07,0.0
2017-08-08,0.0
2017-08-09,0.0
2017-08-10,0.0
2017-08-11,0.0
2017-08-14,0.0
2017-08-15,0.0
2017-08-16,0.0
2017-08-17,0.0
2017-08-18,0.0
2017-08-21,0.0
2017-08-22,0.0
2017-08-23,0.0
2017-08-24,0.0
2017-08-25,0.0
2017-08-28,0.0009159517783509036
2017-08-29,-0.0006542245476851864
2017-08-30,-0.0016834498932532338
2017-08-31,-0.000375
2017-09-01,0.0
2017-09-05,0.0
2017-09-06,0.0
2017-09-07,-0.01736667026515238
2017-09-08,0.0003492858131274269
2017-09-11,0.012904739649001365
2017-09-12,0.0015422279782759422
2017-09-13,-0.00015392468643434009
2017-09-14,-0.008327959982292864
2017-09-15,0.014467081450837986
2017-09-18,-0.01564834371276497
2017-09-19,-0.005712035311288515
2017-09-20,-0.000375
2017-09-21,0.0
2017-09-22,0.0
2017-09-25,-0.0006425008083992901
2017-09-26,-0.000375
2017-09-27,0.0
2017-09-28,0.0
2017-09-29,0.0
2017-10-02,0.0
2017-10-03,0.0
2017-10-04,0.0
2017-10-05,0.0
2017-10-06,0.0
2017-10-09,0.0
2017-10-10,0.0
2017-10-11,0.001514255432513355
2017-10-12,0.0017065220250746247
2017-10-13,-0.000375
2017-10-16,0.0
2017-10-17,0.0
2017-10-18,-0.003345468386054382
2017-10-19,0.06277905832098057
2017-10-20,0.000870162857308259
2017-10-23,-0.00102298346156239
2017-10-24,-0.00075
2017-10-25,0.0
2017-10-26,-0.014416871990385391
2017-10-27,0.004263838293498754
2017-10-30,0.011482723601625298
2017-10-31,0.012400294284311785
2017-11-01,-0.006454731396162041
2017-11-02,-0.0011672020664549886
2017-11-03,-0.000375
2017-11-06,0.0
2017-11-07,0.0
2017-11-08,0.0
2017-11-09,0.0
2017-11-10,0.0
2017-11-13,0.0
2017-11-14,0.0
2017-11-15,0.0
2017-11-16,0.0
2017-11-17,0.0
2017-11-20,0.0
2017-11-21,0.0
2017-11-22,0.0
2017-11-24,0.0
2017-11-27,0.0
2017-11-28,0.0
2017-11-29,-0.023934413964389577
2017-11-30,-0.0007080666539589291
2017-12-01,-0.010079901039365506
2017-12-04,0.009232796210001757
2017-12-05,-0.002069871442332886
2017-12-06,-0.000375
2017-12-07,0.0
2017-12-08,0.0
2017-12-11,0.0
2017-12-12,0.0
2017-12-13,0.0
2017-12-14,0.0
2017-12-15,-0.00460616896378461
2017-12-18,0.005484488994206545
2017-12-19,0.0025270443800542303
2017-12-20,-0.00924616167820322
2017-12-21,-0.010588393593582582
2017-12-22,-0.00022287115802027251
2017-12-26,-0.000375
2017-12-27,0.0
2017-12-28,0.0
2017-12-29,0.0
2018-01-02,0.0
2018-01-03,0.0
2018-01-04,-0.0035175699784159094
2018-01-05,0.00018985814380076226
2018-01-08,0.004962838252543211
2018-01-09,-0.000375
2018-01-10,0.0042524908092944295
2018-01-11,-0.00962465773801398
2018-01-12,-0.013851027192451001
2018-01-16,0.005048555709246097
2018-01-17,-0.009298452080981482
2018-01-18,0.0003771802774962538
2018-01-19,-0.006485616381258726
2018-01-22,0.0008562654443873445
2018-01-23,-0.000375
2018-01-24,0.0603716144629611
2018-01-25,-0.0054681127442500225
2018-01-26,0.01100151302350623
2018-01-29,0.010542814142962225
2018-01-30,-0.009015879008683088
2018-01-31,-0.004407082239541076
2018-02-01,0.0036914836392092014
2018-02-02,0.016797231939311354
2018-02-05,0.022016208868614738
2018-02-06,-0.01406869949462448
2018-02-07,-0.002144719214108477
2018-02-08,0.02800736597003463
2018-02-09,0.00010737343852919475
2018-02-12,0.00012798168979869873
2018-02-13,-0.002259563107641846
2018-02-14,-0.000375
2018-02-15,0.0
2018-02-16,0.0
2018-02-20,0.0
2018-02-21,0.0
2018-02-22,0.0
2018-02-23,0.0
2018-02-26,0.0
2018-02-27,0.0
2018-02-28,0.0
2018-03-01,0.0
2018-03-02,0.0
2018-03-05,0.0
2018-03-06,0.0
2018-03-07,0.0
2018-03-08,0.0
2018-03-09,0.0
2018-03-12,0.0
2018-03-13,0.0
2018-03-14,0.0
2018-03-15,0.0
2018-03-16,0.0
2018-03-19,0.0
2018-03-20,0.0
2018-03-21,0.0
2018-03-22,0.0038494682147033844
2018-03-23,0.00470084132960945
2018-03-26,0.005353680946985802
2018-03-27,-0.002808315927134179
2018-03-28,-0.0007499999999999999
2018-03-29,0.0
2018-04-02,0.0
2018-04-03,-0.0017995971293300842
2018-04-04,-0.006122982691627018
2018-04-05,-0.0049759052700752955
2018-04-06,-0.000375
2018-04-09,0.0
2018-04-10,0.0
2018-04-11,-0.014365658957597388
2018-04-12,-0.0017353921598427368
2018-04-13,0.00019160465936790474
2018-04-16,-0.000375
2018-04-17,0.0
2018-04-18,0.0
2018-04-19,-0.0016444429115086553
2018-04-20,0.0029872267515622425
2018-04-23,0.009244689142308575
2018-04-24,0.00865571602872079
2018-04-25,-0.0035759043913807273
2018-04-26,-0.013987438601489443
2018-04-27,0.009220947178618752
2018-04-30,-0.000375
2018-05-01,0.0
2018-05-02,0.0
2018-05-03,0.0
2018-05-04,0.0
2018-05-07,0.0
2018-05-08,0.0
2018-05-09,0.0
2018-05-10,0.0
2018-05-11,0.0
2018-05-14,0.0
2018-05-15,0.0
2018-05-16,0.012136330496221762
2018-05-17,-0.005119448584552637
2018-05-18,-0.0026753412844032712
2018-05-21,0.0002873598579816487
2018-05-22,-0.013292631337382396
2018-05-23,-0.002388714680642977
2018-05-24,-0.007017482458023393
2018-05-25,-0.008512334131454738
2018-05-29,0.01529867012716071
2018-05-30,-0.000375
2018-05-31,0.0
2018-06-01,0.0
2018-06-04,0.0
2018-06-05,0.0
2018-06-06,0.0
2018-06-07,-0.006971822860861716
2018-06-08,0.005857913790818246
2018-06-11,0.0035661946435350204
2018-06-12,-0.005458101643662237
2018-06-13,-0.006050977413461108
2018-06-14,0.0018605186920453564
2018-06-15,-0.000375
2018-06-18,0.0
2018-06-19,0.0
2018-06-20,0.0
2018-06-21,0.0
2018-06-22,0.011428401296397777
2018-06-25,0.006105354159872071
2018-06-26,0.001073706444831109
2018-06-27,-0.000375
2018-06-28,0.0012131290443229406
2018-06-29,-0.0031712297480166064
2018-07-02,-0.000375
2018-07-03,0.0
2018-07-05,0.0
2018-07-06,0.0
2018-07-09,0.005439439120970502
2018-07-10,-0.003424416559671649
2018-07-11,-0.017265274988655738
2018-07-12,0.006213897929139019
2018-07-13,0.001665824760169476
2018-07-16,0.0032132889847566017
2018-07-17,0.002708279015029827
2018-07-18,-0.000375
2018-07-19,-0.01022014762990254
2018-07-20,0.008071383615978043
2018-07-23,0.0036239218592521993
2018-07-24,-0.005719647918682565
2018-07-25,-0.011893519552445792
2018-07-26,-0.041234530817226625
2018-07-27,-0.01911463628181137
2018-07-30,-0.006699245975482057
2018-07-31,-0.00075
2018-08-01,0.0
2018-08-02,0.0
2018-08-03,0.0
2018-08-06,0.0
2018-08-07,0.0
2018-08-08,0.0
2018-08-09,0.0
2018-08-10,0.0
2018-08-13,0.0
2018-08-14,0.0
2018-08-15,0.0
2018-08-16,0.0
2018-08-17,0.004496606750583799
2018-08-20,-0.028292425265312292
2018-08-21,-0.004233080709464987
2018-08-22,0.014336985412993976
2018-08-23,-0.000375
2018-08-24,0.0
2018-08-27,0.0
2018-08-28,0.0
2018-08-29,0.001292344240534679
2018-08-30,-0.0014339908823215739
2018-08-31,-0.000375
2018-09-04,0.0
2018-09-05,0.0
2018-09-06,0.0004455726395754683
2018-09-07,-0.0038963009799394483
2018-09-10,-0.0023325754345363673
2018-09-11,-0.005812414724275375
2018-09-12,-0.000375
2018-09-13,0.0
2018-09-14,0.0
2018-09-17,0.0
2018-09-18,-0.00616969400742542
2018-09-19,-0.009831482822030684
2018-09-20,-0.00347352476604545
2018-09-21,-0.020005013497557574
2018-09-24,-0.0017559510578494804
2018-09-25,0.013758029905733219
2018-09-26,-0.002810055220570966
2018-09-27,-0.005573124370217917
2018-09-28,-0.000375
2018-10-01,0.0
2018-10-02,0.0
2018-10-03,-0.0037691316076906164
2018-10-04,-0.007044904136966042
2018-10-05,-0.000375
2018-10-08,0.0
2018-10-09,0.0
2018-10-10,0.0
2018-10-11,0.0
2018-10-12,-0.012045285344381863
2018-10-15,0.001646350746945841
2018-10-16,-0.0121016138130614
2018-10-17,-0.000375
2018-10-18,-0.015788085855351755
2018-10-19,-0.0022602233114831956
2018-10-22,-0.002636008609303407
2018-10-23,-0.005563262450613844
2018-10-24,-0.00075
2018-10-25,-0.029100311308241616
2018-10-26,0.004914504998272169
2018-10-29,-0.007489451246064755
2018-10-30,-0.012605450398539768
2018-10-31,-0.014975784097417438
2018-11-01,-0.0002855568206374528
2018-11-02,-0.00075
2018-11-05,0.0
2018-11-06,0.0
2018-11-07,0.0
2018-11-08,0.0
2018-11-09,0.0
2018-11-12,0.0
2018-11-13,0.0
2018-11-14,-0.0038187550927764836
2018-11-15,-0.000375
2018-11-16,0.0
2018-11-19,0.0
2018-11-20,0.0
2018-11-21,0.0
2018-11-23,0.0
2018-11-26,0.0
2018-11-27,-0.014286539014182201
2018-11-28,-0.0047789991510372295
2018-11-29,0.006797885645564273
2018-11-30,-0.008730211330799665
2018-12-03,0.0023444119706436213
2018-12-04,0.026797244884573985
2018-12-06,-0.006794013744129943
2018-12-07,0.017235277502788443
2018-12-10,-0.002224382192461765
2018-12-11,0.0038320739135740784
2018-12-12,-0.000375
2018-12-13,-0.01125742155070523
2018-12-14,-0.0070137868032399105
2018-12-17,-0.009935957316593195
2018-12-18,0.0067110307583520615
2018-12-19,-0.01010085704571272
2018-12-20,-0.000375
2018-12-21,0.0
2018-12-24,0.0
2018-12-26,0.0
2018-12-27,0.0
2018-12-28,0.0
2018-12-31,0.0
2019-01-02,0.0
2019-01-03,0.0
2019-01-04,0.007905441183945736
2019-01-07,0.0012214995547900763
2019-01-08,-0.006408339566800846
2019-01-09,0.015564813705519442
2019-01-10,-0.000375
2019-01-11,-0.00842772009480965
2019-01-14,-0.0010001005294431001
2019-01-15,-0.000375
2019-01-16,0.0
2019-01-17,-0.0025702505325565627
2019-01-18,-0.000375
2019-01-22,0.0
2019-01-23,0.0
2019-01-24,0.0
2019-01-25,-0.019608036115495598
2019-01-28,0.006534000614394707
2019-01-29,0.0064717514740318775
2019-01-30,-0.010587018590820745
2019-01-31,0.0004938250529692992
2019-02-01,0.0028203660635743007
2019-02-04,-0.000375
2019-02-05,0.0
2019-02-06,0.0
2019-02-07,0.0
2019-02-08,0.0
2019-02-11,0.0
2019-02-12,0.0
2019-02-13,0.0
2019-02-14,0.0
2019-02-15,0.0
2019-02-19,0.0
2019-02-20,0.0
2019-02-21,-0.0005275512242415641
2019-02-22,-0.00075
2019-02-25,0.0
2019-02-26,0.0
2019-02-27,0.0
2019-02-28,0.0
2019-03-01,0.016487005356063605
2019-03-04,0.00713169883305895
2019-03-05,0.00020664382685987187
2019-03-06,-0.00948294520077765
2019-03-07,0.0009822544971413057
2019-03-08,-0.0024902150130273397
2019-03-11,-0.000375
2019-03-12,0.0
2019-03-13,0.0
2019-03-14,0.0
2019-03-15,0.0
2019-03-18,0.0
2019-03-19,0.0
2019-03-20,0.0
2019-03-21,0.0
2019-03-22,0.0
2019-03-25,0.0
2019-03-26,0.0
2019-03-27,0.0
2019-03-28,0.0
2019-03-29,0.0
2019-04-01,0.0
2019-04-02,0.0
2019-04-03,-0.004822960504698386
2019-04-04,0.002877541826583593
2019-04-05,-0.000375
2019-04-08,0.0
2019-04-09,0.0
2019-04-10,0.0
2019-04-11,0.000327176514849165
2019-04-12,-0.00075
2019-04-15,0.0
2019-04-16,0.0
2019-04-17,0.0
2019-04-18,0.005032889032693898
2019-04-22,0.004094661394455233
2019-04-23,-0.000375
2019-04-24,-0.019398651630233802
2019-04-25,-0.009170066357641199
2019-04-26,0.009615458085844453
2019-04-29,0.001032671808130025
2019-04-30,0.00819594667350811
2019-05-01,-0.0043403893424021215
2019-05-02,-0.000375
2019-05-03,0.0
2019-05-06,0.00020015092238798388
2019-05-07,-0.000375
2019-05-08,0.0
2019-05-09,0.0
2019-05-10,0.0
2019-05-13,0.0
2019-05-14,0.0
2019-05-15,0.0
2019-05-16,0.0
2019-05-17,0.0
2019-05-20,0.0
2019-05-21,-0.007842829693551844
2019-05-22,0.0068016111469241585
2019-05-23,0.015552256394411598
2019-05-24,-0.0018607995144274648
2019-05-28,0.011069840884492504
2019-05-29,-0.005469394015327448
2019-05-30,-0.0017181268809529
2019-05-31,-0.018457546279591987
2019-06-03,0.0019918009047136882
2019-06-04,0.0138783308731038
2019-06-05,-0.008418447842131634
2019-06-06,-0.003042108221992981
2019-06-07,-0.005135013227306771
2019-06-10,0.0006980837083391262
2019-06-11,0.002025685593332536
2019-06-12,-0.0033952482713645003
2019-06-13,0.009371909744262025
2019-06-14,0.0011011446452121126
2019-06-17,-0.003820739809163115
2019-06-18,0.002972646328317348
2019-06-19,-0.000635922752667315
2019-06-20,-0.000375
2019-06-21,-0.0005537778497256802
2019-06-24,-0.00045718690885059146
2019-06-25,-0.000375
2019-06-26,0.0
2019-06-27,0.0
2019-06-28,0.0
2019-07-01,0.0
2019-07-02,0.0
2019-07-03,0.0
2019-07-05,0.0
2019-07-08,0.0
2019-07-09,0.0
2019-07-10,0.0
2019-07-11,0.0
2019-07-12,0.0
2019-07-15,0.0
2019-07-16,0.0
2019-07-17,0.0
2019-07-18,-0.003005754287594569
2019-07-19,-0.000375
2019-07-22,0.0027345736981134973
2019-07-23,0.007618438128612536
2019-07-24,0.0013214680807611266
2019-07-25,-0.0013985164335789148
2019-07-26,-0.002408399585422213
2019-07-29,0.005053513586972079
2019-07-30,0.001408783714371849
2019-07-31,0.00745194053611851
2019-08-01,-0.004509782297618504
2019-08-02,-0.001952331106304835
2019-08-05,-0.000375
2019-08-06,0.0005995368084596145
2019-08-07,-0.0008793184995922907
2019-08-08,-0.00075
2019-08-09,0.0
2019-08-12,0.0
2019-08-13,0.0
2019-08-14,0.0
2019-08-15,0.0
2019-08-16,0.0
2019-08-19,0.0
2019-08-20,0.0
2019-08-21,0.0
2019-08-22,0.0
2019-08-23,0.0
2019-08-26,-0.0016588737112096389
2019-08-27,-0.000375
2019-08-28,-0.00516147298127777
2019-08-29,-0.010475291909894257
2019-08-30,0.00017287349410575808
2019-09-03,-0.000375
2019-09-04,0.022871161918178364
2019-09-05,-0.0013205799181050162
2019-09-06,0.00442885030921601
2019-09-09,0.0005231605305582804
2019-09-10,-0.0026317211469087886
2019-09-11,-0.006796173666681042
2019-09-12,0.001140615190570608
2019-09-13,-0.0014443715203630175
2019-09-16,0.00927019268752282
2019-09-17,-0.0020064833192339217
2019-09-18,-7.696162183786067e-05
2019-09-19,-0.000375
2019-09-20,0.0
2019-09-23,0.0
2019-09-24,0.0
2019-09-25,0.0
2019-09-26,0.0
2019-09-27,0.0038963485735820564
2019-09-30,-0.000375
2019-10-01,0.0
2019-10-02,0.0
2019-10-03,0.0
2019-10-04,0.008815070581845792
2019-10-07,-0.0041990177161910945
2019-10-08,-0.0015015297441668338
2019-10-09,0.006638918764790719
2019-10-10,0.005594481476486234
2019-10-11,0.009163437257642112
2019-10-14,-0.0011696065811176472
2019-10-15,-0.00075
2019-10-16,0.0
2019-10-17,0.006735421905311586
2019-10-18,-0.01024390816180591
2019-10-21,-0.00075
2019-10-22,-0.006460061738358814
2019-10-23,-0.00075
2019-10-24,0.0
2019-10-25,-0.0046864149821740425
2019-10-28,0.006932105096320224
2019-10-29,-0.0029816425411496334
2019-10-30,-0.0004931227969854923
2019-10-31,-5.816300115193062e-05
2019-11-01,0.007873291659319114
2019-11-04,-0.000375
2019-11-05,0.0
2019-11-06,0.0
2019-11-07,0.0
2019-11-08,0.0
2019-11-11,0.0
2019-11-12,0.0
2019-11-13,0.0
2019-11-14,0.0
2019-11-15,0.0
2019-11-18,0.0
2019-11-19,0.0
2019-11-20,0.0
2019-11-21,0.0
2019-11-22,0.0
2019-11-25,0.0
2019-11-26,0.0
2019-11-27,0.0011000558277092227
2019-11-29,-0.0018387395776381609
2019-12-02,0.004534763165488847
2019-12-03,-0.000375
2019-12-04,-0.004328955162192078
2019-12-05,-0.001761051418557986
2019-12-06,0.00408073683587552
2019-12-09,-0.00550548276064444
2019-12-10,-0.006317557379613446
2019-12-11,-0.000375
2019-12-12,0.006692036230069116
2019-12-13,-0.0020725299982244693
2019-12-16,-0.000375
2019-12-17,0.0
2019-12-18,0.0
2019-12-19,0.0
2019-12-20,0.0
2019-12-23,0.0
2019-12-24,0.0
2019-12-26,0.0
2019-12-27,0.0
2019-12-30,-0.0010033938034132567
2019-12-31,-0.00075
2020-01-02,0.0
2020-01-03,0.00998337734639163
2020-01-06,-0.000375
2020-01-07,0.0
2020-01-08,0.0
2020-01-09,0.0
2020-01-10,0.0
2020-01-13,0.0
2020-01-14,0.0
2020-01-15,-0.001756303881808151
2020-01-16,-0.000375
2020-01-17,0.0
2020-01-21,0.0
2020-01-22,-0.01486193910204507
2020-01-23,-0.012876517631596793
2020-01-24,-0.017043051326511224
2020-01-27,-0.014952614377037293
2020-01-28,-0.005715167388603851
2020-01-29,-0.01214253616848732
2020-01-30,0.019555127305162016
2020-01-31,-0.00840709067629423
2020-02-03,-0.003820146611036194
2020-02-04,-0.000375
2020-02-05,0.0
2020-02-06,0.0
2020-02-07,-0.0008437949843183037
2020-02-10,-0.000375
2020-02-11,0.0
2020-02-12,0.0
2020-02-13,0.0
2020-02-14,0.0
2020-02-18,0.0
2020-02-19,0.0
2020-02-20,0.0
2020-02-21,0.0
2020-02-24,0.0
2020-02-25,-0.03215888543104994
2020-02-26,-0.012938667758117027
2020-02-27,0.019968539720463956
2020-02-28,0.01900311135930492
2020-03-02,-0.007437881833246813
2020-03-03,0.004329136969255378
2020-03-04,0.0019350424167985138
2020-03-05,0.008531467750849855
2020-03-06,0.021550503931107988
2020-03-09,0.03054455551040071
2020-03-10,-0.06377044311556947
2020-03-11,-0.03252830808504411
2020-03-12,-0.055228654685581254
2020-03-13,0.018720269501523813
2020-03-16,0.026450660188893978
2020-03-17,-0.054030497589716106
2020-03-18,-0.013112308178420976
2020-03-19,0.04322174580293589
2020-03-20,0.01224271702286699
2020-03-23,-0.03598740910942202
2020-03-24,-0.00075
2020-03-25,0.0
2020-03-26,0.0
2020-03-27,0.0
2020-03-30,0.0
2020-03-31,0.0
2020-04-01,0.0
2020-04-02,0.0
2020-04-03,0.0
2020-04-06,0.0
2020-04-07,0.0
2020-04-08,-0.01555320339061693
2020-04-09,-0.025369730374449107
2020-04-13,-0.000375
2020-04-14,0.0
2020-04-15,0.0
2020-04-16,0.0
2020-04-17,0.0
2020-04-20,0.0
2020-04-21,0.0
2020-04-22,0.0
2020-04-23,0.0
2020-04-24,0.0
2020-04-27,0.0
2020-04-28,0.0
2020-04-29,0.020729270136438438
2020-04-30,0.004500233928079791
2020-05-01,-0.033411930291514645
2020-05-04,-0.000375
2020-05-05,0.0
2020-05-06,0.0
2020-05-07,0.0
2020-05-08,0.0
2020-05-11,0.029662342900721
2020-05-12,-0.008429522398995207
2020-05-13,0.018133855795245873
2020-05-14,0.01890433856029132
2020-05-15,0.006654512244643872
2020-05-18,-0.044295335833139216
2020-05-19,-0.000375
2020-05-20,0.0
2020-05-21,0.0
2020-05-22,0.0
2020-05-26,0.0
2020-05-27,0.0
2020-05-28,0.0
2020-05-29,0.0
2020-06-01,0.0
2020-06-02,0.007204743791384329
2020-06-03,-0.000375
2020-06-04,-0.06374154529660886
2020-06-05,-0.040630875961146784
2020-06-08,-0.06336654529660886
2020-06-09,0.04342166879475902
2020-06-10,0.05838771724531342
2020-06-11,-0.0046926224892421394
2020-06-12,0.03815702234301063
2020-06-15,-0.009181799825684631
2020-06-16,0.005791044327130939
2020-06-17,-0.000375
2020-06-18,0.0
2020-06-19,-0.015457700225843817
2020-06-22,-0.03494306117531563
2020-06-23,-0.025863220106411317
2020-06-24,-0.03589288802106654
2020-06-25,-0.000375
2020-06-26,0.0
2020-06-29,0.0
2020-06-30,0.0
2020-07-01,0.0
2020-07-02,0.0
2020-07-06,0.0
2020-07-07,0.0
2020-07-08,0.0
2020-07-09,0.0
2020-07-10,0.0
2020-07-13,0.0
2020-07-14,0.0
2020-07-15,0.045169154511814864
2020-07-16,-0.000375
2020-07-17,0.0
2020-07-20,0.0
2020-07-21,0.0
2020-07-22,0.0
2020-07-23,0.01907216132382819
2020-07-24,-0.013398451950087462
2020-07-27,-0.004984288441823479
2020-07-28,0.0035199017562431946
2020-07-29,-0.017770903363835168
2020-07-30,0.012407584794780333
2020-07-31,-0.007566091123301775
2020-08-03,0.011247442381841123
2020-08-04,-0.000375
2020-08-05,0.0
2020-08-06,-0.012032830619201358
2020-08-07,-0.004296525615872171
2020-08-10,-0.000375
2020-08-11,0.0
2020-08-12,0.0
2020-08-13,0.0
2020-08-14,0.0
2020-08-17,0.0
2020-08-18,0.0
2020-08-19,0.0
2020-08-20,0.0
2020-08-21,0.0
2020-08-24,0.0
2020-08-25,0.0
2020-08-26,0.0
2020-08-27,0.0
2020-08-28,0.0
2020-08-31,0.002433635821521421
2020-09-01,-0.002935834753793682
2020-09-02,-0.016580263819463908
2020-09-03,0.0009893872935328662
2020-09-04,-0.000375
2020-09-08,0.0
2020-09-09,0.0
2020-09-10,-0.003957365594124514
2020-09-11,0.00012839026292534852
2020-09-14,0.014049909090116585
2020-09-15,0.006817964355605142
2020-09-16,0.01801666874911632
2020-09-17,0.01985897798219617
2020-09-18,0.005442930911026493
2020-09-21,-0.03461252412502036
2020-09-22,-0.0010765890633037505
2020-09-23,0.006782760314722475
2020-09-24,-0.000375
2020-09-25,0.0
2020-09-28,0.0
2020-09-29,0.0
2020-09-30,0.0
2020-10-01,0.0
2020-10-02,0.0
2020-10-05,0.0
2020-10-06,0.0
2020-10-07,0.0
2020-10-08,0.0
2020-10-09,-0.0011509644448070987
2020-10-12,-0.000375
2020-10-13,0.0
2020-10-14,-0.005313692531215258
2020-10-15,-0.000375
2020-10-16,-0.0016906001273618914
2020-10-19,0.019238666013929855
2020-10-20,-0.008575779688650307
2020-10-21,-0.000375
2020-10-22,0.0
2020-10-23,0.0040355005599028385
2020-10-26,-0.001898423567141836
2020-10-27,0.001487024556798261
2020-10-28,0.023142885487011492
2020-10-29,-0.014660280167327367
2020-10-30,-0.000375
2020-11-02,-0.008902728975774068
2020-11-03,0.009352208852064194
2020-11-04,-0.0059456699039756415
2020-11-05,-0.00075
2020-11-06,0.0
2020-11-09,0.0
2020-11-10,0.0
2020-11-11,0.0
2020-11-12,0.0
2020-11-13,0.0
2020-11-16,0.0
2020-11-17,0.0
2020-11-18,0.0
2020-11-19,0.0
2020-11-20,0.0
2020-11-23,0.0
2020-11-24,0.0017783007217900902
2020-11-25,0.003473387028162794
2020-11-27,-0.0050756459432592695
2020-11-30,-0.00075
2020-12-01,0.004135356087274955
2020-12-02,-0.03050253715208944
2020-12-03,0.02508179291863811
2020-12-04,-0.006399828849179013
2020-12-07,0.0027669122471791654
2020-12-08,0.004892494772108448
2020-12-09,0.010318394220224406
2020-12-10,0.01011133654199876
2020-12-11,-0.009926957912245363
2020-12-14,-0.000375
2020-12-15,0.0
2020-12-16,0.0
2020-12-17,0.0
2020-12-18,0.0
2020-12-21,0.0
2020-12-22,0.0
2020-12-23,0.0
2020-12-24,0.0
2020-12-28,0.0
2020-12-29,0.0
2020-12-30,0.0
2020-12-31,0.0
2021-01-04,0.0
2021-01-05,-0.021194194700315454
2021-01-06,-0.0016103002844063616
2021-01-07,-0.0009178297264940558
2021-01-08,0.00379702684203381
2021-01-11,0.006861372250289273
2021-01-12,-0.000375
2021-01-13,0.0
2021-01-14,0.0
2021-01-15,-0.0028159437816319575
2021-01-19,0.003735093142416174
2021-01-20,-0.000375
2021-01-21,0.0
2021-01-22,-0.0057450838006789864
2021-01-25,-0.00075
2021-01-26,0.0
2021-01-27,-0.024600486657460133
2021-01-28,0.019312685324448266
2021-01-29,0.010655007149607074
2021-02-01,0.009328330738804787
2021-02-02,0.007478452237641923
2021-02-03,-0.029549405159293406
2021-02-04,0.0057143697107932614
2021-02-05,-0.000375
2021-02-08,0.0
2021-02-09,0.0
2021-02-10,0.0
2021-02-11,0.0
2021-02-12,0.0
2021-02-16,0.0
2021-02-17,0.0
2021-02-18,0.0
2021-02-19,0.0
2021-02-22,0.0
2021-02-23,0.0
2021-02-24,0.0
2021-02-25,0.01869215701672421
2021-02-26,-0.008990965959749436
2021-03-01,-0.005944036963527732
2021-03-02,-0.000375
2021-03-03,0.0
2021-03-04,0.007532416787242379
2021-03-05,-0.000375
2021-03-08,0.0
2021-03-09,-0.0037471059446164846
2021-03-10,-0.00075
2021-03-11,0.0
2021-03-12,0.0
2021-03-15,0.0
2021-03-16,0.0
2021-03-17,0.0
2021-03-18,0.0
2021-03-19,0.0
2021-03-22,0.0
2021-03-23,0.0
2021-03-24,0.0
2021-03-25,0.0
2021-03-26,0.0
2021-03-29,0.0
2021-03-30,0.0
2021-03-31,0.0
2021-04-01,0.0
2021-04-05,0.0
2021-04-06,0.0
2021-04-07,0.0
2021-04-08,0.0008014660020015616
2021-04-09,0.00848484636216993
2021-04-12,0.019812352394370243
2021-04-13,-0.004431867354395723
2021-04-14,-0.0035355390154547567
2021-04-15,0.001308903986596483
2021-04-16,0.001857345924183931
2021-04-19,-0.000375
2021-04-20,0.0
2021-04-21,-0.0003226318748297283
2021-04-22,0.017954172163137286
2021-04-23,0.010890091248363213
2021-04-26,-0.0026968210312448976
2021-04-27,0.002886854951619697
2021-04-28,0.0031220626719289544
2021-04-29,-0.000375
2021-04-30,0.0
2021-05-03,0.0
2021-05-04,0.0
2021-05-05,0.0
2021-05-06,0.0
2021-05-07,0.0
2021-05-10,0.0
2021-05-11,0.0
2021-05-12,0.0
2021-05-13,0.0
2021-05-14,0.0
2021-05-17,0.0
2021-05-18,0.00934633512230013
2021-05-19,0.006875907423852107
2021-05-20,-0.008869531825215706
2021-05-21,-0.0006641729246445031
2021-05-24,-0.000375
2021-05-25,0.0
2021-05-26,0.0097058360352686
2021-05-27,-0.000375
2021-05-28,0.0
2021-06-01,0.0
2021-06-02,0.0
2021-06-03,0.01935053836685268
2021-06-04,-0.0028576770279559786
2021-06-07,-0.000375
2021-06-08,0.0
2021-06-09,0.0
2021-06-10,0.0
2021-06-11,0.0
2021-06-14,0.0
2021-06-15,0.0
2021-06-16,0.0
2021-06-17,0.0
2021-06-18,0.0
2021-06-21,0.0
2021-06-22,0.0
2021-06-23,0.0
2021-06-24,0.0
2021-06-25,-0.0007925479533461915
2021-06-28,0.006579360074379184
2021-06-29,0.006539963176335902
2021-06-30,-0.002090227070709165
2021-07-01,-0.000375
2021-07-02,0.0
2021-07-06,0.0
2021-07-07,0.0
2021-07-08,0.0
2021-07-09,0.00962651456687561
2021-07-12,-0.002514066666290304
2021-07-13,0.013112137846628681
2021-07-14,-0.003959385646680167
2021-07-15,0.009720532634559598
2021-07-16,-0.0037941131124176034
2021-07-19,-0.00942745008833707
2021-07-20,0.03149143645700472
2021-07-21,0.01791317848623649
2021-07-22,0.0033745857150867505
2021-07-23,-0.009232955066072912
2021-07-26,0.010164043300442325
2021-07-27,-0.006120734099962333
2021-07-28,0.003412697852437978
2021-07-29,0.0010821192246088037
2021-07-30,-0.005008761010585154
2021-08-02,0.011129775642437318
2021-08-03,-0.00421424401626258
2021-08-04,0.017345837494181147
2021-08-05,-0.020570273475756518
2021-08-06,-0.002685595625502449
2021-08-09,-0.000375
2021-08-10,0.0
2021-08-11,0.0
2021-08-12,0.0
2021-08-13,0.0
2021-08-16,0.0
2021-08-17,0.0
2021-08-18,0.0
2021-08-19,0.0
2021-08-20,0.0
2021-08-23,0.0
2021-08-24,0.0
2021-08-25,-0.004686190731170292
2021-08-26,0.0096535090675378
2021-08-27,-0.006030828757993163
2021-08-30,0.017093327942979575
2021-08-31,-0.000375
2021-09-01,0.0
2021-09-02,0.0
2021-09-03,0.0
2021-09-07,0.0
2021-09-08,0.0
2021-09-09,0.0
2021-09-10,0.0013312980921510755
2021-09-13,-0.005077902556531972
2021-09-14,-0.0016404934777605844
2021-09-15,-0.0004889669625972706
2021-09-16,0.006906037533497492
2021-09-17,-0.000375
2021-09-20,0.0
2021-09-21,-0.007892595194954524
2021-09-22,-0.000375
2021-09-23,0.0
2021-09-24,0.010876373046647111
2021-09-27,0.0023649371898939865
2021-09-28,-0.000375
2021-09-29,0.0
2021-09-30,0.0
2021-10-01,-0.0326646832213327
2021-10-04,-0.000375
2021-10-05,0.0050117235688460675
2021-10-06,0.00018351288982499197
2021-10-07,0.003779249166018298
2021-10-08,-0.000375
2021-10-11,0.0
2021-10-12,-0.00471026753602375
2021-10-13,-0.001736364485205244
2021-10-14,0.0008818250982853197
2021-10-15,-0.00075
2021-10-18,0.0026634874564762713
2021-10-19,0.004197292536221144
2021-10-20,-0.000375
2021-10-21,0.0
2021-10-22,0.0
2021-10-25,-0.002508223794788494
2021-10-26,0.004396658195448279
2021-10-27,-0.018528109051124186
2021-10-28,0.002124630195074747
2021-10-29,-0.000375
2021-11-01,0.0
2021-11-02,0.0
2021-11-03,0.0
2021-11-04,0.0
2021-11-05,0.0
2021-11-08,0.0
2021-11-09,0.0
2021-11-10,0.0
2021-11-11,0.0
2021-11-12,0.0
2021-11-15,0.0
2021-11-16,0.0
2021-11-17,0.0
2021-11-18,0.0
2021-11-19,0.0
2021-11-22,0.0
2021-11-23,0.00743933805472087
2021-11-24,-0.00010646432118912422
2021-11-26,0.022080781183639347
2021-11-29,0.002189934936153393
2021-11-30,-0.009353011711392861
2021-12-01,-0.024040037626589194
2021-12-02,0.03204780373926401
2021-12-03,-0.00967610942929753
2021-12-06,0.008408997948546004
2021-12-07,0.0009376020898043696
2021-12-08,-0.010920737085465135
2021-12-09,0.004910849638386643
2021-12-10,-0.022715656077498647
2021-12-13,-0.008645563242765454
2021-12-14,-0.0049472640258712945
2021-12-15,-0.000375
2021-12-16,0.0
2021-12-17,0.0
2021-12-20,0.0
2021-12-21,-0.023529944763477598
2021-12-22,-0.0038482703856417104
2021-12-23,0.0
2021-12-27,-0.000375
2021-12-28,0.0
2021-12-29,0.0
2021-12-30,0.0
2021-12-31,0.0
2022-01-03,0.0
2022-01-04,0.0
2022-01-05,0.0
2022-01-06,0.0
2022-01-07,0.0
2022-01-10,0.0
2022-01-11,-0.003798202110440103
2022-01-12,0.0038527652204905422
2022-01-13,-0.017212102541899827
2022-01-14,0.000507653726380387
2022-01-18,0.011861680457924368
2022-01-19,-0.000375
2022-01-20,0.0
2022-01-21,-0.002524295498238973
2022-01-24,-0.001034852168105286
2022-01-25,-0.000375
2022-01-26,-0.008451508762856275
2022-01-27,0.01350939720495663
2022-01-28,0.0007199246845495542
2022-01-31,0.025592705080799118
2022-02-01,0.008135764960795567
2022-02-02,-0.004729776689197365
2022-02-03,-0.000375
2022-02-04,0.0
2022-02-07,0.0
2022-02-08,0.0
2022-02-09,0.0
2022-02-10,-0.0035328119328491155
2022-02-11,0.023598604687909273
2022-02-14,0.00042599485939303624
2022-02-15,-0.036460036427813106
2022-02-16,-0.000375
2022-02-17,0.0
2022-02-18,0.0
2022-02-22,0.0
2022-02-23,0.0
2022-02-24,0.0
2022-02-25,-0.009315743947687485
2022-02-28,0.015067491206871933
2022-03-01,0.02157755588783621
2022-03-02,-0.0020978932662240727
2022-03-03,0.007364021771251959
2022-03-04,0.016974735789741853
2022-03-07,-0.014422203007231092
2022-03-08,-0.012639713402045935
2022-03-09,0.018694888788805836
2022-03-10,-0.0010384999550400445
2022-03-11,-0.005084637111129938
2022-03-14,-0.000375
2022-03-15,0.0
2022-03-16,-0.029217098714738845
2022-03-17,-0.0029697844291506027
2022-03-18,-0.00708280388276119
2022-03-21,-0.000375
2022-03-22,0.0
2022-03-23,0.0
2022-03-24,0.0
2022-03-25,0.0
2022-03-28,0.0
2022-03-29,0.0
2022-03-30,0.0
2022-03-31,0.0
2022-04-01,0.0
2022-04-04,0.0
2022-04-05,0.0
2022-04-06,-0.015538618636669782
2022-04-07,-0.0024856404380899106
2022-04-08,-0.00339297106697055
2022-04-11,0.005133901747338144
2022-04-12,-0.0016979776306088887
2022-04-13,-0.00075
2022-04-14,0.0017148577251474906
2022-04-18,-0.006281635499137204
2022-04-19,-0.019489592828661105
2022-04-20,-0.0014798479296617292
2022-04-21,-0.016062000800755122
2022-04-22,0.00533952726265354
2022-04-25,0.004529996804291821
2022-04-26,-0.000375
2022-04-27,0.0
2022-04-28,0.0
2022-04-29,0.0
2022-05-02,0.0
2022-05-03,0.0
2022-05-04,0.0
2022-05-05,0.0
2022-05-06,0.0
2022-05-09,0.0
2022-05-10,0.0
2022-05-11,0.0
2022-05-12,0.0
2022-05-13,0.0
2022-05-16,0.002813205208083102
2022-05-17,0.021113203811256236
2022-05-18,-0.009850176897441656
2022-05-19,-0.000375
2022-05-20,0.0
2022-05-23,0.0
2022-05-24,0.0
2022-05-25,0.0
2022-05-26,0.0
2022-05-27,0.0
2022-05-31,0.0
2022-06-01,0.0
2022-06-02,1.6237129164371365e-05
2022-06-03,-0.00075
2022-06-06,0.003982189346028182
2022-06-07,-0.006106964394268385
2022-06-08,-0.0218991634451038
2022-06-09,-0.01791234668289326
2022-06-10,-0.017003180194502494
2022-06-13,-0.000375
2022-06-14,0.0
2022-06-15,0.0
2022-06-16,0.0
2022-06-17,0.0
2022-06-21,-0.0038570961617033495
2022-06-22,-0.0008325566956237078
2022-06-23,-0.000375
2022-06-24,0.0
2022-06-27,0.0
2022-06-28,0.0
2022-06-29,0.0
2022-06-30,0.0
2022-07-01,0.0
2022-07-05,0.0
2022-07-06,-0.005320392938902848
2022-07-07,3.398134415166077e-05
2022-07-08,-0.003007081322798591
2022-07-11,-0.000375
2022-07-12,0.0
2022-07-13,0.0
2022-07-14,0.003023356177439978
2022-07-15,-0.009381651973119947
2022-07-18,-0.005027409594183595
2022-07-19,-0.021285727735694145
2022-07-20,-0.004194619783051014
2022-07-21,-0.000375
2022-07-22,-0.007963877828774968
2022-07-25,-0.008032735088983058
2022-07-26,-0.0043848888497306625
2022-07-27,-0.00075
2022-07-28,0.0
2022-07-29,-0.0030801351333113354
2022-08-01,0.009244458222161524
2022-08-02,-0.000375
2022-08-03,0.0
2022-08-04,0.0
2022-08-05,0.0
2022-08-08,0.0
2022-08-09,0.0
2022-08-10,0.0
2022-08-11,0.0
2022-08-12,0.0
2022-08-15,0.0
2022-08-16,0.0
2022-08-17,0.0
2022-08-18,0.0
2022-08-19,0.0
2022-08-22,0.0
2022-08-23,0.0
2022-08-24,0.0
2022-08-25,0.0
2022-08-26,0.0
2022-08-29,0.0
2022-08-30,-0.005237788279753357
2022-08-31,-0.010352343066773658
2022-09-01,-0.000375
2022-09-02,0.0
2022-09-06,0.0
2022-09-07,-0.027250271960677398
2022-09-08,-0.0036138850620473974
2022-09-09,-0.000375
2022-09-12,0.0
2022-09-13,0.008750157145089203
2022-09-14,-0.004234534824682085
2022-09-15,-0.0043753507170565635
2022-09-16,0.0035976661810927877
2022-09-19,0.00179143470955789
2022-09-20,-0.00075
2022-09-21,0.0
2022-09-22,0.0
2022-09-23,0.0
2022-09-26,0.0
2022-09-27,-0.008853717728121713
2022-09-28,0.008327283700800558
2022-09-29,0.0025038930564165018
2022-09-30,0.001131023774942634
2022-10-03,-0.0007535609609533887
2022-10-04,0.0012744345343700188
2022-10-05,-0.00020171816753372727
2022-10-06,-0.0074794730551455005
2022-10-07,0.020124497705632655
2022-10-10,-0.0005101471260799358
2022-10-11,-0.000375
2022-10-12,-0.018005014634497867
2022-10-13,-0.013593084969174137
2022-10-14,-0.00229356160167724
2022-10-17,-0.000375
2022-10-18,0.0
2022-10-19,0.0
2022-10-20,-0.02218752547801366
2022-10-21,0.0028956916910197845
2022-10-24,0.0007898763396558786
2022-10-25,0.009277561664218073
2022-10-26,-0.000375
2022-10-27,0.0
2022-10-28,-0.013519060233238175
2022-10-31,-0.000375
2022-11-01,0.0020994005463489803
2022-11-02,0.01914281251020417
2022-11-03,-0.005492534963520697
2022-11-04,-0.013650277546683413
2022-11-07,-0.007386699344246924
2022-11-08,-0.000375
2022-11-09,0.0
2022-11-10,0.0
2022-11-11,0.0
2022-11-14,0.0
2022-11-15,0.0
2022-11-16,0.0
2022-11-17,0.0
2022-11-18,0.0
2022-11-21,0.0
2022-11-22,0.0
2022-11-23,0.0
2022-11-25,0.0
2022-11-28,0.0
2022-11-29,0.0
2022-11-30,0.0
2022-12-01,0.0
2022-12-02,0.0008828610914868013
2022-12-05,-0.000375
2022-12-06,0.0
2022-12-07,0.0
2022-12-08,0.0
2022-12-09,0.0015491863639469537
2022-12-12,-0.010791535349754406
2022-12-13,-0.009199989861625884
2022-12-14,-0.004896289587856287
2022-12-15,-0.004769082207460434
2022-12-16,-0.001933833850298531
2022-12-19,-0.005889359593225408
2022-12-20,-0.000375
2022-12-21,0.0
2022-12-22,0.0
2022-12-23,0.0
2022-12-27,0.0
2022-12-28,-0.012102787893197763
2022-12-29,-0.0024218318748907737
2022-12-30,-0.00075
2023-01-03,0.0
2023-01-04,0.0
2023-01-05,0.0
2023-01-06,0.0
2023-01-09,0.0
2023-01-10,0.0
2023-01-11,0.0
2023-01-12,-0.036649868483008344
2023-01-13,-0.023253243308037304
2023-01-17,0.002092577735384997
2023-01-18,0.022640234312591757
2023-01-19,-0.005773626842509004
2023-01-20,0.0023541091988368776
2023-01-23,-0.0021979745641537707
2023-01-24,-0.000375
2023-01-25,0.0
2023-01-26,-0.003954935646735344
2023-01-27,-0.015686086026521297
2023-01-30,-0.00796047341588112
2023-01-31,-0.000375
2023-02-01,0.0
2023-02-02,0.0
2023-02-03,0.010301885310267232
2023-02-06,0.0026349786521274467
2023-02-07,-0.0027292658637472675
2023-02-08,0.012449931375095449
2023-02-09,0.0064149874495245535
2023-02-10,-0.000375
2023-02-13,0.0
2023-02-14,0.0
2023-02-15,0.0
2023-02-16,0.0
2023-02-17,0.0
2023-02-21,0.0
2023-02-22,0.0
2023-02-23,0.0
2023-02-24,0.0
2023-02-27,0.0
2023-02-28,0.0
2023-03-01,0.0
2023-03-02,0.0
2023-03-03,0.0
2023-03-06,0.0
2023-03-07,0.0
2023-03-08,0.0066053724588912175
2023-03-09,-0.02186982518716943
2023-03-10,-0.000375
2023-03-13,0.00451543390147247
2023-03-14,-0.0033263304761702167
2023-03-15,-0.003547955017104005
2023-03-16,-0.0033718982060181616
2023-03-17,-0.0062677175557002305
2023-03-20,0.0034390251060454954
2023-03-21,0.010814521171382367
2023-03-22,-0.000375
2023-03-23,0.0
2023-03-24,0.0
2023-03-27,0.0
2023-03-28,0.0
2023-03-29,0.0
2023-03-30,0.0
2023-03-31,0.0
2023-04-03,0.0
2023-04-04,0.0011506343492481308
2023-04-05,-0.0001366723347283953
2023-04-06,-0.0010715583430942956
2023-04-10,-0.000375
2023-04-11,0.0
2023-04-12,0.0
2023-04-13,0.0008105218044634948
2023-04-14,-0.001935515566072673
2023-04-17,-0.012370957373885627
2023-04-18,-0.000375
2023-04-19,0.0
2023-04-20,0.01476438680749319
2023-04-21,-0.000375
2023-04-24,0.0
2023-04-25,0.0
2023-04-26,0.0
2023-04-27,0.0
2023-04-28,-0.007421382813155408
2023-05-01,0.0031834081539172427
2023-05-02,-0.010002634850182376
2023-05-03,0.014359231944039989
2023-05-04,-0.010109101179229531
2023-05-05,-0.014909658062849624
2023-05-08,-0.010453900626017186
2023-05-09,0.00022293777648204607
2023-05-10,-0.000375
2023-05-11,0.0
2023-05-12,0.0
2023-05-15,0.0
2023-05-16,0.0
2023-05-17,0.0
2023-05-18,0.0
2023-05-19,0.0
2023-05-22,0.0
2023-05-23,0.0
2023-05-24,0.0
2023-05-25,0.0
2023-05-26,0.0
2023-05-30,0.0
2023-05-31,0.0
2023-06-01,0.0
2023-06-02,0.015848084648887133
2023-06-05,0.012584943048764057
2023-06-06,-0.02275743133402833
2023-06-07,0.005188691490515295
2023-06-08,-0.000375
2023-06-09,-0.000375
2023-06-12,0.0
2023-06-13,0.0
2023-06-14,0.0
2023-06-15,-0.007664678256790486
2023-06-16,0.0004189463527091749
2023-06-20,-0.000375
2023-06-21,0.0
2023-06-22,0.0
2023-06-23,0.0
2023-06-26,0.0
2023-06-27,0.0
2023-06-28,-0.007055970623360282
2023-06-29,-0.000375
2023-06-30,0.00027368727244752515
2023-07-03,-0.00075
2023-07-05,0.0
2023-07-06,0.0
2023-07-07,0.0
2023-07-10,0.0
2023-07-11,-0.007435631402605782
2023-07-12,0.00311581590889537
2023-07-13,0.014956263266276392
2023-07-14,0.018558827053847607
2023-07-17,0.0019135190027559233
2023-07-18,-0.000375
2023-07-19,0.0
2023-07-20,0.0
2023-07-21,-0.010432421838898925
2023-07-24,0.013261802052692229
2023-07-25,0.028216833077506748
2023-07-26,0.0013951259781463813
2023-07-27,0.02569627881720216
2023-07-28,-0.00020443907681350873
2023-07-31,-0.00075
2023-08-01,0.0
2023-08-02,0.0
2023-08-03,0.0
2023-08-04,0.0
2023-08-07,0.0
2023-08-08,0.0
2023-08-09,0.0
2023-08-10,0.0
2023-08-11,0.0
2023-08-14,0.0
2023-08-15,0.0
2023-08-16,0.0
2023-08-17,0.0
2023-08-18,-0.0007073439414858208
2023-08-21,0.003973527081867725
2023-08-22,-0.000375
2023-08-23,-0.0020636267760594227
2023-08-24,-0.007155149095764973
2023-08-25,-0.000375
2023-08-28,0.0
2023-08-29,0.0
2023-08-30,0.005831884472071868
2023-08-31,0.004064620498708692
2023-09-01,0.00023338599430733012
2023-09-05,-0.000375
2023-09-06,0.0
2023-09-07,-0.006840414390334691
2023-09-08,0.0022555845428013062
2023-09-11,-0.000375
2023-09-12,0.0
2023-09-13,0.0
2023-09-14,-1.680549512977469e-05
2023-09-15,0.01241783273302102
2023-09-18,0.009629851177859952
2023-09-19,-0.000375
2023-09-20,0.0
2023-09-21,0.0
2023-09-22,0.0
2023-09-25,0.0
2023-09-26,0.0
2023-09-27,0.006946844870519712
2023-09-28,-0.0033199386082003383
2023-09-29,0.00011821458698625556
2023-10-02,0.008103136356929578
2023-10-03,-0.000375
2023-10-04,0.0
2023-10-05,-0.006641629228859441
2023-10-06,-0.008622130407379521
2023-10-09,0.013115200072994961
2023-10-10,-0.0011136766259583547
2023-10-11,-0.007257793402557087
2023-10-12,0.016260814514003852
2023-10-13,0.005174467562941084
2023-10-16,-0.000375
2023-10-17,-0.00255684383859461
2023-10-18,-0.000375
2023-10-19,0.002874336629934293
2023-10-20,0.007016533692472953
2023-10-23,0.002956224955853261
2023-10-24,0.00031220560994767605
2023-10-25,0.009617222191027511
2023-10-26,-0.003015465024765619
2023-10-27,-0.000375
2023-10-30,0.0
2023-10-31,0.0
2023-11-01,0.0
2023-11-02,0.0
2023-11-03,0.0
2023-11-06,0.0
2023-11-07,0.0
2023-11-08,0.0
2023-11-09,0.0
2023-11-10,0.0
2023-11-13,0.0
2023-11-14,0.0
2023-11-15,0.0
2023-11-16,0.0
2023-11-17,0.0
2023-11-20,0.0
2023-11-21,0.0
2023-11-22,0.0
2023-11-23,0.0
2023-11-24,0.0
2023-11-27,0.0
2023-11-28,0.0
2023-11-29,0.0
2023-11-30,0.0
2023-12-01,0.0
2023-12-04,-0.00044187508732678707
2023-12-05,0.007245923648411443
2023-12-06,-0.006734010203788554
2023-12-07,0.04768544017327378
2023-12-08,-0.0040582545121627235
2023-12-11,-0.000375
2023-12-12,0.01427804921410917
2023-12-13,0.006278124730253258
2023-12-14,-0.007863092318217212
2023-12-15,-0.008747097055780695
2023-12-18,0.007473700492390019
2023-12-19,0.0010849966796499665
2023-12-20,0.003321149897365377
2023-12-21,-0.00075
2023-12-22,0.0
2023-12-26,0.0
2023-12-27,0.0
2023-12-28,0.0
2023-12-29,0.0
2024-01-02,0.0
2024-01-03,0.021222013793823775
2024-01-04,-0.005902188706475247
2024-01-05,-0.01680612851478864
2024-01-08,-0.000375
2024-01-09,0.006531180548245678
2024-01-10,-0.0034957827698923628
2024-01-11,-0.009238505448349922
2024-01-12,0.024453997386720168
2024-01-16,-0.01208312497472814
2024-01-17,-0.002327679579544361
2024-01-18,-0.00075
2024-01-19,-0.008736831994213616
2024-01-22,0.0006260242693887143
2024-01-23,-0.000375
2024-01-24,0.0
2024-01-25,0.0
2024-01-26,-0.00610238380793653
2024-01-29,0.004209954107156832
2024-01-30,-0.00075
2024-01-31,0.0
2024-02-01,0.0
2024-02-02,0.0
2024-02-05,0.0
2024-02-06,0.0
2024-02-07,0.0
2024-02-08,0.0
2024-02-09,0.01020122847145287
2024-02-12,0.01044974517203594
2024-02-13,-0.000375
2024-02-14,0.0
2024-02-15,0.0
2024-02-16,0.0
2024-02-20,0.0
2024-02-21,-0.0071171906500151145
2024-02-22,-0.000375
2024-02-23,0.0
2024-02-26,0.0
2024-02-27,0.0
2024-02-28,0.0
2024-02-29,0.0
2024-03-01,0.0
2024-03-04,0.0
2024-03-05,-0.005124029628737161
2024-03-06,-0.000375
2024-03-07,0.0039353675352428626
2024-03-08,-0.000375
2024-03-11,0.0
2024-03-12,-0.016830348193295566
2024-03-13,-0.015750302843475398
2024-03-14,0.008666504845895599
2024-03-15,-0.0017695129291365663
2024-03-18,-0.004071916152351104
2024-03-19,-0.000375
2024-03-20,0.0
2024-03-21,0.0
2024-03-22,0.0
2024-03-25,0.0
2024-03-26,0.005493728583166708
2024-03-27,-0.000375
2024-03-28,0.0
2024-04-01,0.0
2024-04-02,0.0
2024-04-03,0.0
2024-04-04,0.0
2024-04-05,0.0
2024-04-08,0.0
2024-04-09,0.0
2024-04-10,0.0
2024-04-11,0.0
2024-04-12,0.007774076782876711
2024-04-15,-0.000375
2024-04-16,0.0
2024-04-17,0.0
2024-04-18,-0.021912409477760963
2024-04-19,0.0014652126746341238
2024-04-22,0.014262985531710334
2024-04-23,0.002137403274792378
2024-04-24,-0.01327643620064655
2024-04-25,0.01983490083193731
2024-04-26,-0.0023138215020774094
2024-04-29,0.0007264470608130725
2024-04-30,-0.000375
2024-05-01,0.0
2024-05-02,0.0
2024-05-03,0.0
2024-05-06,0.0
2024-05-07,0.0
2024-05-08,0.0
2024-05-09,0.0
2024-05-10,0.0
2024-05-13,0.0
2024-05-14,0.0
2024-05-15,0.0
2024-05-16,0.0
2024-05-17,0.0
2024-05-20,0.0
2024-05-21,-0.01392340739134461
2024-05-22,0.009591440347351977
2024-05-23,-0.014460466866511992
2024-05-24,-0.005105113499781608
2024-05-28,-0.011744498120265059
2024-05-29,-0.0045432115995294245
2024-05-30,-0.01033924556134852
2024-05-31,-0.01371317901244688
2024-06-03,-0.01644223862658645
2024-06-04,-0.002357298776477775
2024-06-05,-0.000375
2024-06-06,0.0
2024-06-07,0.0
2024-06-10,0.0
2024-06-11,0.016978842690070273
2024-06-12,-0.0072788985563445145
2024-06-13,0.0005276355524033442
2024-06-14,-0.000375
2024-06-17,0.0
2024-06-18,0.0
2024-06-20,0.0
2024-06-21,0.0
2024-06-24,0.0
2024-06-25,0.0
2024-06-26,0.0
2024-06-27,0.0
2024-06-28,0.0
2024-07-01,-0.002858467110394892
2024-07-02,0.0009717434291605338
2024-07-03,-0.000375
2024-07-05,0.0
2024-07-08,0.0021652994535317303
2024-07-09,-0.002657032140662467
2024-07-10,-0.000375
2024-07-11,0.0
2024-07-12,0.009366737793824943
2024-07-15,0.0100233514534151
2024-07-16,0.02390541188766014
2024-07-17,-0.01869374798168759
2024-07-18,-0.000375
2024-07-19,0.0017974522275818574
2024-07-22,0.007356117672287118
2024-07-23,-0.011304386788081454
2024-07-24,-0.00075
2024-07-25,0.018348028278987714
2024-07-26,0.02932602728676869
2024-07-29,-0.02087671580369456
2024-07-30,0.03586584635115542
2024-07-31,0.018380107256643803
2024-08-01,0.039761392672255154
2024-08-02,-0.000375
2024-08-05,0.0
2024-08-06,0.0
2024-08-07,0.0
2024-08-08,0.0
2024-08-09,0.001144023276979746
2024-08-12,-0.000375
2024-08-13,0.0
2024-08-14,0.0
2024-08-15,0.0
2024-08-16,0.0
2024-08-19,0.0
2024-08-20,0.0
2024-08-21,0.0
2024-08-22,0.0
2024-08-23,0.0
2024-08-26,0.0
2024-08-27,0.0
2024-08-28,0.0
2024-08-29,0.0
2024-08-30,0.0
2024-09-03,0.0
2024-09-04,0.0
2024-09-05,0.0
2024-09-06,0.0026749967628963084
2024-09-09,-0.000375
2024-09-10,-0.008513577585382489
2024-09-11,-0.000375
2024-09-12,-0.011988816332751267
2024-09-13,-0.005929963328364143
2024-09-16,0.0058656574744299856
2024-09-17,0.011174776371010949
2024-09-18,0.008429990605825124
2024-09-19,0.0041532936133297825
2024-09-20,-0.004895800613135394
2024-09-23,-0.000375
2024-09-24,0.0
2024-09-25,0.0
2024-09-26,0.026037243349381314
2024-09-27,-0.006727300398182698
2024-09-30,0.0016902630187666365
2024-10-01,-0.000375
2024-10-02,0.0
2024-10-03,-0.010181250166900142
2024-10-04,0.018815450366942293
2024-10-07,0.0053826027069746605
2024-10-08,-0.00075
2024-10-09,0.0
2024-10-10,0.0
2024-10-11,0.0
2024-10-14,0.0
2024-10-15,0.0
2024-10-16,0.0
2024-10-17,-0.009388007733086212
2024-10-18,-0.005560131043221488
2024-10-21,0.0010124979790218263
2024-10-22,-0.0032998831529654727
2024-10-23,-0.000375
2024-10-24,0.0
2024-10-25,0.00663964832365884
2024-10-28,-0.017574045588291055
2024-10-29,-0.000375
2024-10-30,0.0
2024-10-31,0.0
2024-11-01,0.0
2024-11-04,0.0
2024-11-05,0.0
2024-11-06,0.0
2024-11-07,0.0
2024-11-08,0.0
2024-11-11,0.0
2024-11-12,0.0
2024-11-13,0.0
2024-11-14,0.0
2024-11-15,0.0
2024-11-18,0.0
2024-11-19,0.0
2024-11-20,0.0
2024-11-21,0.0
2024-11-22,0.0
2024-11-25,0.0
2024-11-26,0.0
2024-11-27,0.0
2024-11-29,0.0
2024-12-02,0.0
2024-12-03,0.0
2024-12-04,0.0
2024-12-05,-0.010376733732968536
2024-12-06,-0.005866920835148718
2024-12-09,0.013089686126038932
2024-12-10,-0.009899095388161314
2024-12-11,-0.00417367152072389
2024-12-12,-0.005674233708150249
2024-12-13,-0.00075
2024-12-16,0.0
2024-12-17,0.0
2024-12-18,0.0
2024-12-19,0.0
2024-12-20,0.0
2024-12-23,0.0
2024-12-24,0.0
2024-12-26,0.0
2024-12-27,0.0
2024-12-30,0.0
2024-12-31,0.0
2025-01-02,0.0
2025-01-03,0.0
2025-01-06,0.0
2025-01-07,0.0
2025-01-08,-0.020620145495630782
2025-01-09,-0.020245145495630782
2025-01-10,-0.01987014549563078
2025-01-13,0.011162617207039982
2025-01-14,-0.000375
2025-01-15,0.0
2025-01-16,0.0
2025-01-17,0.0
2025-01-21,0.018411420963908274
2025-01-22,-0.007121392344329114
2025-01-23,-7.49668382106273e-05
2025-01-24,0.004698549781254404
2025-01-27,0.005162906219421425
2025-01-28,0.06560183707870566
2025-01-29,-0.006251018393391858
2025-01-30,-0.000375
2025-01-31,0.0
2025-02-03,-0.002010532787643914
2025-02-04,-0.01382270782008286
2025-02-05,0.004253643633025308
2025-02-06,-0.000375
2025-02-07,0.0
2025-02-10,0.0
2025-02-11,0.0
2025-02-12,0.0
2025-02-13,0.0
2025-02-14,0.0
2025-02-18,0.0
2025-02-19,0.0
2025-02-20,0.0
2025-02-21,0.0
2025-02-24,0.0
2025-02-25,0.0
2025-02-26,0.0
2025-02-27,0.0
2025-02-28,0.0
2025-03-03,0.0
2025-03-04,0.0
2025-03-05,0.0
2025-03-06,0.0
2025-03-07,0.006400655845892497
2025-03-10,-0.021137863167556482
2025-03-11,-0.0434329648464779
2025-03-12,-0.0017694496417759143
2025-03-13,-0.0040524530942201
2025-03-14,-0.007345092997269087
2025-03-17,-0.02115717760553532
2025-03-18,0.01116616333166069
2025-03-19,-0.018183815931905677
2025-03-20,0.00967485398900376
2025-03-21,-0.005739582281517185
2025-03-24,-0.01895143196977044
2025-03-25,0.013711214460917692
2025-03-26,0.0030501466736989774
2025-03-27,-0.000375
2025-03-28,0.0
2025-03-31,0.0
2025-04-01,0.0
2025-04-02,-0.010590902803094783
2025-04-03,0.052615447566921617
2025-04-04,0.013474837357674805
2025-04-07,0.019609093714344564
2025-04-08,-0.0003846316982168696
2025-04-09,0.010089811592260148
2025-04-10,-0.010451337340825498
2025-04-11,-0.005506024171854432
2025-04-14,-0.0050503666680338025
2025-04-15,-0.000375
2025-04-16,0.0
2025-04-17,0.0
2025-04-21,0.0
2025-04-22,0.0
2025-04-23,0.0
2025-04-24,0.0
2025-04-25,0.003060885534334058
2025-04-28,0.008244936398257373
2025-04-29,-0.00075
2025-04-30,0.0
2025-05-01,0.0
2025-05-02,0.0
2025-05-05,0.0
2025-05-06,0.0
2025-05-07,0.006397105993236967
2025-05-08,-0.000375
2025-05-09,0.0
2025-05-12,0.0
2025-05-13,0.0
2025-05-14,0.0
2025-05-15,0.0
2025-05-16,0.0
2025-05-19,0.0
2025-05-20,0.0
2025-05-21,0.014821611527938826
2025-05-22,-0.016914667959674272
2025-05-23,-7.704796698792713e-05
2025-05-27,-0.020864335048123323
2025-05-28,0.022307936131903856
2025-05-29,0.027878381246187932
2025-05-30,0.002429765044967742
2025-06-02,0.026329660767700137
2025-06-03,0.0010884161190232253
2025-06-04,-0.00075
2025-06-05,0.0
2025-06-06,0.0
2025-06-09,0.0
2025-06-10,0.0
2025-06-11,0.0
2025-06-12,0.0
2025-06-13,0.0
2025-06-16,0.0
2025-06-17,0.0
2025-06-18,-0.0013210506022304554
2025-06-20,-0.000375
2025-06-23,0.0
2025-06-24,0.0
2025-06-25,0.013446631831532609
2025-06-26,-0.000375
2025-06-27,0.0
2025-06-30,0.0
2025-07-01,0.0
2025-07-02,0.011024691750960759
2025-07-03,0.007228591134677994
2025-07-04,0.007228591134677994
2025-07-07,0.007228591134677994
2025-07-08,0.005173231332624758
2025-07-09,0.001778246135922199
2025-07-10,0.0121334212413503
2025-07-11,0.0018077385661535354
2025-07-14,-0.004791002186944789
2025-07-15,0.020339036287384375
2025-07-16,0.0013481199972414305
2025-07-17,-0.011513007324409196
2025-07-18,0.00590069703922117
2025-07-21,0.0022047899182456557
2025-07-22,-0.0008213146979730657
2025-07-23,-0.01046478611294134
2025-07-24,0.03597352788354705
2025-07-25,0.0013282548336679668
2025-07-28,-0.014334821862612687
2025-07-29,0.005870243248349506
2025-07-30,0.007254471339405086
2025-07-31,0.0034810823026633327
2025-08-01,-0.000375
2025-08-04,0.0
2025-08-05,0.0
2025-08-06,0.0
2025-08-07,0.0
2025-08-08,0.0
2025-08-11,0.0
2025-08-12,0.0
2025-08-13,0.0
2025-08-14,0.0
2025-08-15,0.0
2025-08-18,0.0
2025-08-19,0.0
2025-08-20,0.0
2025-08-21,0.0
2025-08-22,0.0
2025-08-25,0.0
2025-08-26,0.0024099202721736546
2025-08-27,-0.013204360345092382
2025-08-28,-0.017172175196429856
2025-08-29,0.014518264796494264
2025-09-02,0.001140504297580626
2025-09-03,-0.000375
2025-09-04,0.0
2025-09-05,0.0
2025-09-08,0.0
2025-09-09,0.011108739409659056
2025-09-10,-0.0019323715091313998
2025-09-11,-0.000375
2025-09-12,-0.0051127932389064
2025-09-15,-0.012258676328854495
2025-09-16,-0.01689035067235757
2025-09-17,0.004823818162739794
2025-09-18,0.0027765316711449084
2025-09-19,0.008361160992612856
2025-09-22,-0.0023591276167495056
2025-09-23,0.0
2025-09-24,-0.013697400882411961
2025-09-25,-0.00075
2025-09-26,0.0
2025-09-29,0.0
2025-09-30,0.0
2025-10-01,0.0
2025-10-02,0.0
2025-10-03,0.0
2025-10-06,0.0
2025-10-07,0.0
2025-10-08,0.003932667586682497
2025-10-09,-0.000375
2025-10-10,0.01748251584559512
2025-10-13,-0.001392934355642772
2025-10-14,0.02289920140596257
2025-10-15,0.00209020543809305
2025-10-16,-0.004038882852649283
2025-10-17,0.0037534405281858785
2025-10-20,0.012060204989079119
2025-10-21,-0.006234055604589415
2025-10-22,-0.019556439304156646
2025-10-23,-0.0030737077640101648
2025-10-24,-0.03057062694735005
2025-10-27,0.018177625114771993
2025-10-28,-0.0638968587765758
2025-10-29,-0.008485015115563703
2025-10-30,0.004866213660172015
2025-10-31,0.008403522596826246
2025-11-03,-0.000375
2025-11-04,0.0
2025-11-05,0.0
2025-11-06,0.0
2025-11-07,0.0
2025-11-10,0.0
2025-11-11,0.0
2025-11-12,0.0
2025-11-13,0.0
2025-11-14,0.0
2025-11-17,0.0
2025-11-18,0.0
2025-11-19,0.0
2025-11-20,0.0
2025-11-21,0.0
2025-11-24,0.01783596722933165
2025-11-25,0.016914175427262958
2025-11-26,0.013367343139555057
2025-11-28,0.0018177507365569334
2025-12-01,-0.000375
2025-12-02,0.0
2025-12-03,0.0
2025-12-04,-0.019972543462298074
2025-12-05,-0.020154612165855238
2025-12-08,0.004857669953116717
2025-12-09,0.0005363064134194556
2025-12-10,0.018350647971485175
2025-12-11,0.004484312901613853
2025-12-12,-0.000375
2025-12-15,0.0
2025-12-16,0.0
2025-12-17,-0.01045628504217611
2025-12-18,-0.000375
2025-12-19,0.0
2025-12-22,0.0
2025-12-23,0.0
2025-12-24,0.0
2025-12-26,0.0
2025-12-29,0.0
2025-12-30,0.0
2025-12-31,0.0
2026-01-02,0.0
2026-01-05,0.0
2026-01-06,-0.015444731846334972
2026-01-07,0.003768076329293227
2026-01-08,-0.0051280149990766835
2026-01-09,0.000718773934491166
2026-01-12,0.008555065607206461
2026-01-13,0.012112264836022861
2026-01-14,-0.000375
2026-01-15,0.0
2026-01-16,-0.0001430634956544049
2026-01-20,-0.000375
2026-01-21,0.0
2026-01-22,0.0
2026-01-23,0.0
2026-01-26,0.0
2026-01-27,0.0
2026-01-28,-0.004450628764280529
2026-01-29,-0.000375
2026-01-30,0.0016022213862526876
2026-02-02,-0.00075
2026-02-03,0.0
2026-02-04,0.0
2026-02-05,0.0
2026-02-06,0.0
2026-02-09,0.0
2026-02-10,0.0
2026-02-11,-0.017297112807705902
2026-02-12,0.014985549268310683
2026-02-13,-0.024268171560415015
2026-02-17,-0.000375
2026-02-18,0.0
2026-02-19,-0.027704205508971628
2026-02-20,0.008908912985118278
2026-02-23,-0.000375
2026-02-24,0.0
2026-02-25,0.0
2026-02-26,0.0
2026-02-27,0.0
2026-03-02,0.0
2026-03-03,0.0
2026-03-04,0.0
2026-03-05,0.0
2026-03-06,0.0
2026-03-09,-0.0037046694230451114
2026-03-10,0.012318667383008299
2026-03-11,0.0
2026-03-12,0.029179808632467746
2026-03-13,-0.001557935721407017
2026-03-16,-0.016965484720986364
2026-03-17,-0.012928630646490061
2026-03-18,0.013034566468831159
2026-03-19,-0.009690572773386889
2026-03-20,-0.000375
2026-03-23,0.0
2026-03-24,0.0
2026-03-25,0.0
2026-03-26,0.0
2026-03-27,0.0
2026-03-30,0.0
2026-03-31,0.0
2026-04-01,0.0
2026-04-02,0.0
2026-04-06,0.0
2026-04-07,0.0
2026-04-08,0.0
2026-04-09,0.0
2026-04-10,0.0
2026-04-13,0.0
2026-04-14,0.0
2026-04-15,-0.01769994557469222
2026-04-16,-0.009174079374067544
2026-04-17,0.002929085031536081
2026-04-20,0.012602066238347191
2026-04-21,-0.014038869034954899
2026-04-22,-0.011978462397695351
2026-04-23,0.012028060093127799
2026-04-24,0.011766319255336357
2026-04-27,-0.002861296351146783
2026-04-28,-0.002465265864885407
2026-04-29,-0.000375
2026-04-30,0.0
2026-05-01,0.0
2026-05-04,-0.021434929107855008
2026-05-05,0.020540841119437842
2026-05-06,-0.000375
2026-05-07,0.0
2026-05-08,0.0
2026-05-11,0.0
2026-05-12,0.0
2026-05-13,0.0
2026-05-14,0.0
2026-05-15,0.0
2026-05-18,0.0
2026-05-19,0.0
2026-05-20,0.0
2026-05-21,-0.010591008278302193
2026-05-22,-0.000375
2026-05-25,0.0
2026-05-26,0.0
2026-05-27,0.0
2026-05-28,-0.014312092786594637
2026-05-29,-0.0009277467758465874
2026-06-01,0.019667863192401748
2026-06-02,0.011560447677951759
2026-06-03,0.018787945759106334
2026-06-04,-0.007900880853146922
2026-06-05,-0.0021482065815182374
2026-06-08,0.006443798450078363
2026-06-09,-0.03308977918599786
2026-06-10,0.006847586349397056
2026-06-11,-0.01744378775898415
2026-06-12,-0.00075
2026-06-15,0.0
2026-06-16,0.0
2026-06-17,0.00780884150032473
2026-06-18,-0.000375
2026-06-22,0.0
2026-06-23,-0.005008983027813508
2026-06-24,-0.000375
2026-06-25,-0.009907126785277562
2026-06-26,-0.000375
2026-06-29,0.0
2026-06-30,0.0
2026-07-01,0.0
2026-07-02,0.0
2026-07-06,0.0
2026-07-07,0.0
2026-07-08,0.0
2026-07-09,0.0
2026-07-10,0.006856958523810489
2026-07-13,0.027235988444051708
2026-07-14,-0.0007473012621247015
2026-07-15,-0.010660056926109013
2026-07-16,0.002722542184599087
